<?xml version="1.0" encoding="UTF-8"?>
<!DOCTYPE struts PUBLIC
    "-//Apache Software Foundation//DTD Struts Configuration 2.0//EN"
    "http://struts.apache.org/dtds/struts-2.0.dtd">
<struts>
	<constant name="struts.custom.i18n.resources" value="label" />
	<package name="bigScreen" extends="struts-default">

		<action name="login" method="loginauth" class="com.sip.big.Login">
			<result name="success">searchEventVisibility.jsp</result>
			<result name="error">Login.jsp</result>
		</action>
		<action name="bigSearch" class="com.sip.big.EvdAction"
			method="searchSIP">
			<result name="SUCCESS">/SearchEventResult.jsp</result>
			<result name="error">searchEventVisibility.jsp</result>
		</action>
		<action name="eventDetailsAction" class="com.sip.big.EvdAction"
			method="eventDetailsAction">
			<result name="SUCCESS">/EventDetailsScreen.jsp</result>
		</action>
	</package>
</struts>

