<?xml version="1.0" encoding="UTF-8"?>
 <!DOCTYPE tiles-definitions PUBLIC
       "-//Apache Software Foundation//DTD Tiles Configuration 2.0//EN"
       "_http://tiles.apache.org/dtds/tiles-config_2_2.dtd"> 

<tiles-definitions>
	<definition name="defaultLayout" template="/jsp/base_layout/layoutPage.jsp">
		<put-attribute name="title" value="Transport Owner Portal" />
		<put-attribute name="body" value="" />
	</definition>
 <definition name="loadHomePage" extends="defaultLayout">
		<put-attribute name="title" value="Transport Owner Home" />
		<put-attribute name="menu" value="" />
		<put-attribute name="body" value="/jsp/home/home.jsp" />
	</definition>

	<definition name="errorPage" extends="defaultLayout">
		<put-attribute name="title" value="Transport Owner Error" />
		<put-attribute name="menu" value="" />
		<put-attribute name="body" value="/jsp/base_layout/errorPage.jsp" />
	</definition>

	<definition name="loadLoginPage" extends="defaultLayout">
		<put-attribute name="title" value="Transport Owner Login" />
		<put-attribute name="menu" value="" />
		<put-attribute name="body" value="/jsp/partner/Login.jsp" />
	</definition>

	<definition name="loadPartnerHomePage" extends="defaultLayout">
		<put-attribute name="title" value="Transport Owner Home Page" />
		<put-attribute name="menu" value="" />
		<put-attribute name="body" value="/jsp/partner/PartnerHomePage.jsp" /> 
	</definition>
	<definition name="loadBigScreenPage" template="/jsp/partner/BigScreen.jsp">
		</definition>
	<definition name="getPartnerBigScreenSearchAjaxPage" template="/jsp/partner/ajax/searchPartnerBigScreenAjax.jsp">
      </definition>
      	<definition name="getPartnerAutoSubSearchAjaxPage" template="/jsp/partner/ajax/searchPartnerAutoSubAjax.jsp">
      </definition>

</tiles-definitions>